Subcatchment,rain percentage
1,0.1604676523
2,0.1197221924
3,0.09620309205
4,0.1174115787
5,0.07363341782
6,0.05833724406
7,0.06511506425
8,0.04718153466
9,0.0592505552
10,0.09463820552
11,0.05106619632
12,0.0569732667