Round,Rain
1,88.82
2,133.23
3,266.46
4,427.71
5,611.0142857
6,684.336
7,855.42
8,942.9230769
9,1021.5
10,1225.8